"Guid","Name"
3034f11a-2021-453f-8532-c894904b94b4,Test2_asnaf
304144b3-be6a-4410-a2c0-1ccabdefd04a,test6_asnaf
310692bb-a7ce-47f3-b3b2-3aaf1e322f2e,Test3_asnaf
39632285-f305-41df-abfa-ef5c61ae3d16,Test1_1234567889
3cec1798-82b4-4588-a37f-af41c41da9bf,Test3_asnaf
631b1108-043a-41bc-9a35-9fcce8054895,Test3_asnaf
6a325a27-a48e-408c-882d-9777f909fbe8,test6_asnaf
7f224039-81a3-4e83-bb96-74f49afca0d9,test4_asnaf
80032683-cedb-4a73-9e52-d0944b61f657,test4_asnaf
84cd1a2a-a7c4-4410-bbff-ae54a347217f,test6_asnaf
999bc360-5b53-4795-8de4-3b850b8265a8,test6_asnaf
a59efd32-cb89-45e4-986a-aaecdc0a45d5,Test1_1234567889
ba9ce635-0f1b-427e-87d2-f58644b1f9e4,test4_asnaf
bf22ec5a-607e-48e8-a814-48e52b825220,Test2_asnaf
c78a0ca7-9579-437d-a233-d0c7d67c123a,Test3_asnaf
daaa2ec4-0950-4530-96c7-966f8770e76a,Test1_1234567889_EDITTTTTT_AGAIN
dc001da3-73b6-477e-bb01-3cf431307902,Test1_1234567889_12345
e4d905a1-aa69-46c3-a2bb-9cad53867cd0,Test2_asnaf
ee148e51-b0a4-4d22-951c-1b0a9cc274f0,test4_asnaf
f91c3b3d-bfa9-4e47-a5ae-5517e3aa3511,Test2_asnaf
